BEGIN TRANSACTION;
CREATE TABLE "verlag" ("id" integer primary key autoincrement,"created_at" datetime,"updated_at" datetime,"deleted_at" datetime,"name" varchar(255),"strasse" varchar(255),"plz" varchar(255),"ort" varchar(255) );
INSERT INTO `verlag` (id,created_at,updated_at,deleted_at,name,strasse,plz,ort) VALUES (1,'2018-03-12 22:51:18.541254273+01:00','2018-03-12 22:51:18.541254273+01:00',NULL,'Musikverlag Karl Bogner','','',''),
 (2,'2018-03-13 00:36:16.152810185+01:00','2018-03-13 00:36:16.152810185+01:00',NULL,'August Seith Musikverlag','','','München'),
 (3,'0001-01-01 00:00:00+00:00','2018-03-13 01:17:49.259886124+01:00',NULL,'Ewoton International Elmar Wolf GmbH','Mittelfeldstr. 4','668651','Queidersbach'),
 (4,'0001-01-01 00:00:00+00:00','2018-03-13 01:21:11.598888862+01:00',NULL,'Mosch Musikverlag oHG','Eichenweg 1- 3','87656','Germaringen'),
 (5,'2018-03-13 01:22:40.268244969+01:00','2018-03-13 01:22:40.268244969+01:00',NULL,'Musikverlag Rundel GmbH','','88428','Rot an der Rot'),
 (6,'2018-03-13 01:26:03.857647665+01:00','2018-03-13 01:26:03.857647665+01:00',NULL,'Wertach Musikverlag GmbH','Danziger Str. 2','87600','Kaufbeuren'),
 (7,'2018-03-13 01:31:52.269011129+01:00','2018-03-13 01:31:52.269011129+01:00',NULL,'Musikverlag Bernhard Geiger','Rodacher Str. 6','96317','Kronach'),
 (8,'2018-03-13 01:37:00.820103147+01:00','2018-03-13 01:37:00.820103147+01:00',NULL,'Gerig Music','','5060','Bergisch Gladbach'),
 (9,'2018-03-13 01:37:45.246768963+01:00','2018-03-13 01:37:45.246768963+01:00',NULL,'De Haske Muziekuitgave BV','Windas 2','NL-8441','RC Heerenveen'),
 (10,'2018-03-13 01:38:03.289010194+01:00','2018-03-13 01:38:03.289010194+01:00',NULL,'De Haske GmbH','','A-6800','Feldkirch'),
 (11,'2018-03-13 01:38:33.712821278+01:00','2018-03-13 01:38:33.712821278+01:00',NULL,'Mitropa Musik AG','Artherstrasse 25','CH-6318','Walchwil'),
 (12,'2018-03-13 01:38:47.471550008+01:00','2018-03-13 01:38:47.471550008+01:00',NULL,'Klostermann & Watz Musikverlag','','',''),
 (13,'0001-01-01 00:00:00+00:00','2018-03-13 17:57:10.018630737+01:00',NULL,'Musikverlag Wilhelm Halter GmbH & Co KG','Gablonzerstr. 24','7500','Karlsruhe'),
 (14,'2018-03-13 16:59:57.067605638+01:00','2018-03-13 16:59:57.067605638+01:00',NULL,'Simton-Musikverlag','','','München'),
 (15,'2018-03-13 17:52:50.229711358+01:00','2018-03-13 17:52:50.229711358+01:00',NULL,'Clou-Music','','63579','Freigericht-Somborn'),
 (16,'0001-01-01 00:00:00+00:00','2018-03-13 18:33:05.38524463+01:00',NULL,'Alpen-Sound Musikverlag','Feldstr. 15a','87666','Pforzen');
CREATE TABLE "person" ("id" integer primary key autoincrement,"created_at" datetime,"updated_at" datetime,"deleted_at" datetime,"name" varchar(255),"vorname" varchar(255),"strasse" varchar(255),"plz" varchar(255),"ort" varchar(255),"geburtstag" datetime,"mitglied_seit" datetime,"gruppe" integer,"email" varchar(255),"rolle" integer );
INSERT INTO `person` (id,created_at,updated_at,deleted_at,name,vorname,strasse,plz,ort,geburtstag,mitglied_seit,gruppe,email,rolle) VALUES (1,'2018-03-12 22:44:10.922434387+01:00','2018-03-12 22:44:10.922434387+01:00',NULL,'Watz','Franz','','','','0001-01-01 00:00:00+00:00','0001-01-01 00:00:00+00:00',1,'',0),
 (2,'2018-03-12 22:44:20.519282293+01:00','2018-03-12 22:44:20.519282293+01:00',NULL,'Klostermann','Michael','','','','0001-01-01 00:00:00+00:00','0001-01-01 00:00:00+00:00',1,'',0),
 (3,'2018-03-13 00:30:58.367029417+01:00','2018-03-13 00:30:58.367029417+01:00',NULL,'Avsenik','Slavko','','','','0001-01-01 00:00:00+00:00','0001-01-01 00:00:00+00:00',1,'',0),
 (4,'2018-03-13 00:34:10.755171184+01:00','2018-03-13 00:34:10.755171184+01:00',NULL,'Gottlöber','Lothar','','','','0001-01-01 00:00:00+00:00','0001-01-01 00:00:00+00:00',1,'',0),
 (5,'2018-03-13 00:40:06.331032272+01:00','2018-03-13 00:40:06.331032272+01:00',NULL,'Kohnen','Hans','','','','0001-01-01 00:00:00+00:00','0001-01-01 00:00:00+00:00',1,'',0),
 (6,'2018-03-13 00:46:35.1185463+01:00','2018-03-13 00:46:35.1185463+01:00',NULL,'Poncar','Josef','','','','0001-01-01 00:00:00+00:00','0001-01-01 00:00:00+00:00',1,'',0),
 (7,'2018-03-13 00:46:44.031415644+01:00','2018-03-13 00:46:44.031415644+01:00',NULL,'Bummerl','Franz','','','','0001-01-01 00:00:00+00:00','0001-01-01 00:00:00+00:00',1,'',0),
 (8,'2018-03-13 00:46:59.931411388+01:00','2018-03-13 00:46:59.931411388+01:00',NULL,'Mosch','Ernst','','','','0001-01-01 00:00:00+00:00','0001-01-01 00:00:00+00:00',1,'',0),
 (9,'2018-03-13 00:47:13.103355389+01:00','2018-03-13 00:47:13.103355389+01:00',NULL,'Weinkopf','Gerald','','','','0001-01-01 00:00:00+00:00','0001-01-01 00:00:00+00:00',1,'',0),
 (10,'2018-03-13 01:19:37.90364333+01:00','2018-03-13 01:19:37.90364333+01:00',NULL,'Zittner','Wenzel','','','','0001-01-01 00:00:00+00:00','0001-01-01 00:00:00+00:00',1,'',0),
 (11,'2018-03-13 01:19:54.828465195+01:00','2018-03-13 01:19:54.828465195+01:00',NULL,'Zwinger','Bruno','','','','0001-01-01 00:00:00+00:00','0001-01-01 00:00:00+00:00',1,'',0),
 (12,'2018-03-13 01:23:09.567021409+01:00','2018-03-13 01:23:09.567021409+01:00',NULL,'Kohler','Roland','','','','0001-01-01 00:00:00+00:00','0001-01-01 00:00:00+00:00',1,'',0),
 (13,'2018-03-13 01:23:22.45636439+01:00','2018-03-13 01:23:22.45636439+01:00',NULL,'Gerstbrein','Franz','','','','0001-01-01 00:00:00+00:00','0001-01-01 00:00:00+00:00',1,'',0),
 (14,'2018-03-13 01:26:25.615829847+01:00','2018-03-13 01:26:25.615829847+01:00',NULL,'Mestrini','Freek','','','','0001-01-01 00:00:00+00:00','0001-01-01 00:00:00+00:00',1,'',0),
 (15,'2018-03-13 01:32:19.323220414+01:00','2018-03-13 01:32:19.323220414+01:00',NULL,'Kürschner','Robin','','','','0001-01-01 00:00:00+00:00','0001-01-01 00:00:00+00:00',1,'',0),
 (16,'2018-03-13 01:32:26.390582165+01:00','2018-03-13 01:32:26.390582165+01:00',NULL,'Schubert','Kati','','','','0001-01-01 00:00:00+00:00','0001-01-01 00:00:00+00:00',1,'',0),
 (17,'2018-03-13 01:35:14.187783218+01:00','2018-03-13 01:35:14.187783218+01:00',NULL,'Bruhn','Christian','','','','0001-01-01 00:00:00+00:00','0001-01-01 00:00:00+00:00',1,'',0),
 (18,'2018-03-13 16:57:00.246080162+01:00','2018-03-13 16:57:00.246080162+01:00',NULL,'Repa','Josef','','','','0001-01-01 00:00:00+00:00','0001-01-01 00:00:00+00:00',1,'',0),
 (19,'2018-03-13 16:59:03.616308657+01:00','2018-03-13 16:59:03.616308657+01:00',NULL,'Payer','Robert','','','','0001-01-01 00:00:00+00:00','0001-01-01 00:00:00+00:00',1,'',0),
 (20,'2018-03-13 17:51:54.980671696+01:00','2018-03-13 17:51:54.980671696+01:00',NULL,'Wolf','Hubert','','','','0001-01-01 00:00:00+00:00','0001-01-01 00:00:00+00:00',1,'',0),
 (21,'2018-03-13 17:52:03.696424063+01:00','2018-03-13 17:52:03.696424063+01:00',NULL,'Ebel','Dieter','','','','0001-01-01 00:00:00+00:00','0001-01-01 00:00:00+00:00',1,'',0),
 (22,'2018-03-13 17:52:12.646472433+01:00','2018-03-13 17:52:12.646472433+01:00',NULL,'Friedauer','Heinz','','','','0001-01-01 00:00:00+00:00','0001-01-01 00:00:00+00:00',1,'',0),
 (23,'2018-03-13 17:52:21.477958177+01:00','2018-03-13 17:52:21.477958177+01:00',NULL,'Nebhut','Ernst','','','','0001-01-01 00:00:00+00:00','0001-01-01 00:00:00+00:00',1,'',0),
 (24,'2018-03-13 17:54:26.260516614+01:00','2018-03-13 17:54:26.260516614+01:00',NULL,'Bacher','Werner','','','','0001-01-01 00:00:00+00:00','0001-01-01 00:00:00+00:00',1,'',0),
 (25,'2018-03-13 17:54:36.871256577+01:00','2018-03-13 17:54:36.871256577+01:00',NULL,'Kabec','Vlad','','','','0001-01-01 00:00:00+00:00','0001-01-01 00:00:00+00:00',1,'',0),
 (26,'2018-03-13 17:54:46.608575314+01:00','2018-03-13 17:54:46.608575314+01:00',NULL,'Rüger','Franz','','','','0001-01-01 00:00:00+00:00','0001-01-01 00:00:00+00:00',1,'',0),
 (27,'2018-03-13 17:54:56.307297384+01:00','2018-03-13 17:54:56.307297384+01:00',NULL,'Roth','Herbert','','','','0001-01-01 00:00:00+00:00','0001-01-01 00:00:00+00:00',1,'',0),
 (28,'2018-03-13 17:55:04.413049509+01:00','2018-03-13 17:55:04.413049509+01:00',NULL,'Viziru','Mihail','','','','0001-01-01 00:00:00+00:00','0001-01-01 00:00:00+00:00',1,'',0),
 (29,'2018-03-13 17:55:11.26353397+01:00','2018-03-13 17:55:11.26353397+01:00',NULL,'Müller','Karl','','','','0001-01-01 00:00:00+00:00','0001-01-01 00:00:00+00:00',1,'',0),
 (30,'2018-03-13 18:00:17.257475157+01:00','2018-03-13 18:00:17.257475157+01:00',NULL,'Dvořák','Antonín','','','','0001-01-01 00:00:00+00:00','0001-01-01 00:00:00+00:00',1,'',0),
 (31,'2018-03-13 18:01:01.42379009+01:00','2018-03-13 18:01:01.42379009+01:00',NULL,'Geiger','Walter','','','','0001-01-01 00:00:00+00:00','0001-01-01 00:00:00+00:00',1,'',0),
 (32,'2018-03-13 18:01:07.839088159+01:00','2018-03-13 18:01:07.839088159+01:00',NULL,'Wolf','Konrad','','','','0001-01-01 00:00:00+00:00','0001-01-01 00:00:00+00:00',1,'',0),
 (33,'2018-03-13 18:05:16.136838144+01:00','2018-03-13 18:05:16.136838144+01:00',NULL,'Kaegbein','Peter','','','','0001-01-01 00:00:00+00:00','0001-01-01 00:00:00+00:00',1,'',0),
 (34,'2018-03-13 18:05:24.878643309+01:00','2018-03-13 18:05:24.878643309+01:00',NULL,'Lemberg','Paul','','','','0001-01-01 00:00:00+00:00','0001-01-01 00:00:00+00:00',1,'',0),
 (35,'2018-03-13 18:10:35.315714094+01:00','2018-03-13 18:10:35.315714094+01:00',NULL,'Borovička','Antonín','','','','0001-01-01 00:00:00+00:00','0001-01-01 00:00:00+00:00',1,'',0),
 (36,'2018-03-13 18:10:52.752853523+01:00','2018-03-13 18:10:52.752853523+01:00',NULL,'Wolf','Elmar','','','','0001-01-01 00:00:00+00:00','0001-01-01 00:00:00+00:00',1,'',0),
 (37,'2018-03-13 18:11:12.417336647+01:00','2018-03-13 18:11:12.417336647+01:00',NULL,'Ecker','Frank','','','','0001-01-01 00:00:00+00:00','0001-01-01 00:00:00+00:00',1,'',0),
 (38,'2018-03-13 18:14:51.948702353+01:00','2018-03-13 18:14:51.948702353+01:00',NULL,'Ulmer','Franz Josef','','','','0001-01-01 00:00:00+00:00','0001-01-01 00:00:00+00:00',1,'',0),
 (39,'2018-03-13 18:15:02.579440196+01:00','2018-03-13 18:15:02.579440196+01:00',NULL,'Vejvoda','Jaromir','','','','0001-01-01 00:00:00+00:00','0001-01-01 00:00:00+00:00',1,'',0),
 (40,'2018-03-13 18:22:44.691466669+01:00','2018-03-13 18:22:44.691466669+01:00',NULL,'Stepanek','Josef','','','','0001-01-01 00:00:00+00:00','0001-01-01 00:00:00+00:00',1,'',0),
 (41,'2018-03-13 18:22:58.836651361+01:00','2018-03-13 18:22:58.836651361+01:00',NULL,'Grünewald','Franz','','','','0001-01-01 00:00:00+00:00','0001-01-01 00:00:00+00:00',1,'',0),
 (42,'2018-03-13 18:24:09.679791222+01:00','2018-03-13 18:24:09.679791222+01:00',NULL,'Kuk-Znaminko','Vilem','','','','0001-01-01 00:00:00+00:00','0001-01-01 00:00:00+00:00',1,'',0),
 (43,'2018-03-13 18:26:14.664695384+01:00','2018-03-13 18:26:14.664695384+01:00',NULL,'Linharek','Franto','','','','0001-01-01 00:00:00+00:00','0001-01-01 00:00:00+00:00',1,'',0),
 (44,'2018-03-13 18:26:20.627196465+01:00','2018-03-13 18:26:20.627196465+01:00',NULL,'Haferkamp','','','','','0001-01-01 00:00:00+00:00','0001-01-01 00:00:00+00:00',1,'',0),
 (45,'2018-03-13 18:29:42.343178618+01:00','2018-03-13 18:29:42.343178618+01:00',NULL,'Kuhn','Michael','','','','0001-01-01 00:00:00+00:00','0001-01-01 00:00:00+00:00',1,'',0),
 (46,'2018-03-13 18:29:53.491610466+01:00','2018-03-13 18:29:53.491610466+01:00',NULL,'Rundel','Siegfried','','','','0001-01-01 00:00:00+00:00','0001-01-01 00:00:00+00:00',1,'',0),
 (47,'2018-03-13 18:31:36.966388389+01:00','2018-03-13 18:31:36.966388389+01:00',NULL,'Pfluger','Alexander','','','','0001-01-01 00:00:00+00:00','0001-01-01 00:00:00+00:00',1,'',0),
 (48,'2018-03-13 18:33:32.130818732+01:00','2018-03-13 18:33:32.130818732+01:00',NULL,'Butscher','Bernd','','','','0001-01-01 00:00:00+00:00','0001-01-01 00:00:00+00:00',1,'',0),
 (49,'2018-03-13 18:36:50.750750995+01:00','2018-03-13 18:36:50.750750995+01:00',NULL,'Becker','Fr.','','','','0001-01-01 00:00:00+00:00','0001-01-01 00:00:00+00:00',1,'',0),
 (50,'2018-03-13 18:37:02.291052519+01:00','2018-03-13 18:37:02.291052519+01:00',NULL,'Pardemann','D.','','','','0001-01-01 00:00:00+00:00','0001-01-01 00:00:00+00:00',1,'',0),
 (51,'2018-03-13 18:47:22.326350351+01:00','2018-03-13 18:47:22.326350351+01:00',NULL,'Augustin','Josef','','','','0001-01-01 00:00:00+00:00','0001-01-01 00:00:00+00:00',1,'',0),
 (52,'2018-03-13 19:03:56.255144858+01:00','2018-03-13 19:03:56.255144858+01:00',NULL,'Serabin','F.','','','','0001-01-01 00:00:00+00:00','0001-01-01 00:00:00+00:00',1,'',0),
 (53,'2018-03-13 19:04:03.655504264+01:00','2018-03-13 19:04:03.655504264+01:00',NULL,'Felten','J.','','','','0001-01-01 00:00:00+00:00','0001-01-01 00:00:00+00:00',1,'',0),
 (54,'2018-03-13 19:04:14.700304404+01:00','2018-03-13 19:04:14.700304404+01:00',NULL,'Altheim','G.','','','','0001-01-01 00:00:00+00:00','0001-01-01 00:00:00+00:00',1,'',0),
 (55,'2018-03-13 19:26:55.488678036+01:00','2018-03-13 19:26:55.488678036+01:00',NULL,'Valcek','Wenzel','','','','0001-01-01 00:00:00+00:00','0001-01-01 00:00:00+00:00',1,'',0),
 (56,'2018-03-13 19:28:04.421358849+01:00','2018-03-13 19:28:04.421358849+01:00',NULL,'Manas','Frantisek','','','','0001-01-01 00:00:00+00:00','0001-01-01 00:00:00+00:00',1,'',0),
 (57,'2018-03-13 19:31:52.149453153+01:00','2018-03-13 19:31:52.149453153+01:00',NULL,'Aust','Alois','','','','0001-01-01 00:00:00+00:00','0001-01-01 00:00:00+00:00',1,'',0),
 (58,'2018-03-13 19:32:00.041883568+01:00','2018-03-13 19:32:00.041883568+01:00',NULL,'Reichel','Helga','','','','0001-01-01 00:00:00+00:00','0001-01-01 00:00:00+00:00',1,'',0),
 (59,'2018-03-13 19:33:49.838379665+01:00','2018-03-13 19:33:49.838379665+01:00',NULL,'Marek','J.','','','','0001-01-01 00:00:00+00:00','0001-01-01 00:00:00+00:00',1,'',0),
 (60,'2018-03-13 19:33:58.74625502+01:00','2018-03-13 19:33:58.74625502+01:00',NULL,'Malina','J.','','','','0001-01-01 00:00:00+00:00','0001-01-01 00:00:00+00:00',1,'',0),
 (61,'2018-03-13 19:34:05.918999059+01:00','2018-03-13 19:34:05.918999059+01:00',NULL,'Mecir','M.','','','','0001-01-01 00:00:00+00:00','0001-01-01 00:00:00+00:00',1,'',0),
 (62,'2018-03-13 19:34:33.571353423+01:00','2018-03-13 19:34:33.571353423+01:00',NULL,'Gstettner','G.','','','','0001-01-01 00:00:00+00:00','0001-01-01 00:00:00+00:00',1,'',0),
 (63,'2018-03-13 19:36:14.541130587+01:00','2018-03-13 19:36:14.541130587+01:00',NULL,'Vacek','Karel','','','','0001-01-01 00:00:00+00:00','0001-01-01 00:00:00+00:00',1,'',0);
CREATE TABLE "lied" ("id" integer primary key autoincrement,"created_at" datetime,"updated_at" datetime,"deleted_at" datetime,"titel" varchar(255),"untertitel" varchar(255),"jahr" integer,"komponist_id" integer,"texter_id" integer,"arrangeur_id" integer,"verlag_id" integer );
INSERT INTO `lied` (id,created_at,updated_at,deleted_at,titel,untertitel,jahr,komponist_id,texter_id,arrangeur_id,verlag_id) VALUES (1,'2018-03-12 22:52:57.307952521+01:00','2018-03-12 22:52:57.307952521+01:00',NULL,'Abschiedsmelodie','Originalnoten von Michael Klostermann und seinen Musikanten',1996,2,0,1,1),
 (2,'2018-03-13 00:37:04.471276158+01:00','2018-03-13 00:37:04.471276158+01:00',NULL,'Auf der Autobahn','Na avtocesti',1970,3,1,4,2),
 (3,'0001-01-01 00:00:00+00:00','2018-03-13 05:05:30.396648265+01:00',NULL,'Es ist so schön ein Musikant zu sein','Lepo je biti Muzikant',1974,3,5,4,2),
 (4,'2018-03-13 00:53:50.717033527+01:00','2018-03-13 00:53:50.717033527+01:00',NULL,'Auf der Vogelwiese','Počápelská Polka',0,6,9,7,3),
 (5,'2018-03-13 01:18:06.267973743+01:00','2018-03-13 01:18:06.267973743+01:00',NULL,'Die schöne Egerländerin','',1997,0,0,7,3),
 (6,'2018-03-13 01:20:58.081495489+01:00','2018-03-13 01:20:58.081495489+01:00',NULL,'Bis bald auf Wiederseh''n','',0,10,11,9,4),
 (7,'2018-03-13 01:24:34.932619598+01:00','2018-03-13 01:24:34.932619598+01:00',NULL,'Blasmusik-Vergnügen','Aus dem Repertoire der "Neuen Böhmischen Blasmusik"',2003,12,0,13,5),
 (8,'2018-03-13 01:26:59.424099655+01:00','2018-03-13 01:26:59.424099655+01:00',NULL,'Böhmische Serenade','',0,14,0,14,6),
 (9,'2018-03-13 01:33:45.991817142+01:00','2018-03-13 01:33:45.991817142+01:00',NULL,'Böhmischer Sonntag','Für Helga - Originalnoten der Heielbachtal-Musikanten',0,15,16,0,7),
 (10,'2018-03-13 01:39:28.565180098+01:00','2018-03-13 01:39:28.565180098+01:00',NULL,'Böhmische - Souvenirs','Originalnoten von Michael Klostermann und seinen Musikanten',0,17,0,1,12),
 (11,'0001-01-01 00:00:00+00:00','2018-03-13 16:54:20.244414879+01:00',NULL,'Böhmischer Wind','Original-Arrangement der Egerländer Musikanten, erschienen auf Telefunken-Schallplatte',0,8,11,9,13),
 (12,'2018-03-13 16:56:22.197446066+01:00','2018-03-13 16:56:22.197446066+01:00',NULL,'Wenn Opa erzählt von zu Haus','Original-Arrangement der Egerländer Musikanten, erschienen auf Telefunken-Schallplatte. Es singt die kleine Biggi.',0,10,11,9,13),
 (13,'2018-03-13 16:58:14.144699606+01:00','2018-03-13 16:58:14.144699606+01:00',NULL,'Borsicka-Polka','Jan Slabak und seine Blaskapelle Moravanka',0,18,0,14,3),
 (14,'2018-03-13 17:00:39.512623147+01:00','2018-03-13 17:00:39.512623147+01:00',NULL,'Burgenländer Perlen','Potpourri burgenländischer Erfolgs-Titel',0,19,0,4,14),
 (15,'2018-03-13 17:06:07.979247365+01:00','2018-03-13 17:06:07.979247365+01:00',NULL,'Dachdecker-Polka','Originalnoten von Michael Klostermann und seinen Musikanten',1996,1,0,0,1),
 (16,'2018-03-13 17:53:35.194099412+01:00','2018-03-13 17:53:35.194099412+01:00',NULL,'Dankeschön Hubert Wolf','Originalnoten von Michael Klostermann und seinen Musikanten',0,20,21,1,15),
 (17,'2018-03-13 17:58:07.603854598+01:00','2018-03-13 17:58:07.603854598+01:00',NULL,'Blasmusik aus Schwabenland','',0,24,26,25,13),
 (18,'2018-03-13 17:58:42.857846932+01:00','2018-03-13 17:58:42.857846932+01:00',NULL,'Das Rennsteiglied','Ich wandere ja so gerne',0,27,29,28,13),
 (19,'2018-03-13 18:01:56.535518323+01:00','2018-03-13 18:01:56.535518323+01:00',NULL,'Largo (aus der "Neuen Welt")','Solo für Trompete',0,30,0,7,4),
 (20,'2018-03-13 18:02:44.685646081+01:00','2018-03-13 18:02:44.685646081+01:00',NULL,'Die kleine Bergkirche (Ave Maria)','Soli für 2 Trompeten',0,31,32,7,4),
 (21,'2018-03-13 18:07:03.996535903+01:00','2018-03-13 18:07:03.996535903+01:00',NULL,'Drei weiße Birken','',0,34,33,7,4),
 (22,'2018-03-13 18:13:07.029275034+01:00','2018-03-13 18:13:07.029275034+01:00',NULL,'Du Böhmischer Musikant','Original-Noten der Neuen Egerländer',1993,36,36,1,3),
 (23,'2018-03-13 18:13:53.891041373+01:00','2018-03-13 18:13:53.891041373+01:00',NULL,'Verlorenes Glück','Original-Noten der Neuen Egerländer',0,35,36,37,3),
 (24,'2018-03-13 18:16:14.123432313+01:00','2018-03-13 18:16:14.123432313+01:00',NULL,'Du machst ja Sachen','Bubu',0,39,38,7,3),
 (25,'2018-03-13 18:16:40.675214893+01:00','2018-03-13 18:16:40.675214893+01:00',NULL,'Sag nicht adieu','',0,39,38,7,3),
 (26,'2018-03-13 18:23:47.474337535+01:00','2018-03-13 18:23:47.474337535+01:00',NULL,'Egerland-Heimatland','',2001,40,41,9,4),
 (27,'2018-03-13 18:26:47.338641154+01:00','2018-03-13 18:26:47.338641154+01:00',NULL,'Mama','',1992,42,43,9,4),
 (28,'2018-03-13 18:28:53.348168026+01:00','2018-03-13 18:28:53.348168026+01:00',NULL,'Egerländer Volksweisen','',1956,0,0,7,13),
 (29,'2018-03-13 18:30:50.301651219+01:00','2018-03-13 18:30:50.301651219+01:00',NULL,'Ein Denkmal für die Blasmusik','Aus dem Repertoire der "Scherzachtaler Blasmusik" auf CD TMB 1550401/1',2001,45,0,46,5),
 (30,'2018-03-13 18:32:22.942182368+01:00','2018-03-13 18:32:22.942182368+01:00',NULL,'Ein Egerländer Traum','',2008,47,0,47,16),
 (31,'2018-03-13 18:35:39.21102702+01:00','2018-03-13 18:35:39.21102702+01:00',NULL,'Ein Leben mit Blasmusik','Originalnoten von "Anton Gälle und seine Scherzachtaler Blasmusik"',2005,48,0,48,16),
 (32,'2018-03-13 18:37:37.974507626+01:00','2018-03-13 18:37:37.974507626+01:00',NULL,'Ein Sonntag auf dem Land','Originalnoten von Michael Klostermann und seinen Musikanten',1994,1,49,0,12),
 (33,'2018-03-13 19:05:08.785145413+01:00','2018-03-13 19:05:08.785145413+01:00',NULL,'Erinnerungen an Josef Augustin','Die größten Erfolge der Donauschäbischen Blasmusik',0,51,0,43,0),
 (34,'2018-03-13 19:11:29.344765305+01:00','2018-03-13 19:11:29.344765305+01:00',NULL,'Es ist so schon, ein Musikant zu sein','Beliebte Polkamelodien der "Original Oberkrainer Avsenik"',0,3,0,46,5),
 (35,'2018-03-13 19:26:34.630717541+01:00','2018-03-13 19:26:34.630717541+01:00',NULL,'Der Schornsteinfeger aus Eger','',1972,20,21,0,15),
 (36,'2018-03-13 19:27:19.390344632+01:00','2018-03-13 19:27:19.390344632+01:00',NULL,'Annamirl-Polka','',1972,55,0,0,15),
 (37,'2018-03-13 19:28:41.069358059+01:00','2018-03-13 19:28:41.069358059+01:00',NULL,'Frag mich nie','',0,56,43,7,3),
 (38,'2018-03-13 19:29:54.920738608+01:00','2018-03-13 19:29:54.920738608+01:00',NULL,'Freu dich des Lebens','Für Michael Klostermann zu seinem 30. Geburtstag',1994,1,0,0,12),
 (39,'2018-03-13 19:31:15.383062762+01:00','2018-03-13 19:31:15.383062762+01:00',NULL,'Freu dich jeden Tag','Aus dem Repertoire der "Neuen Böhmischen Blasmusik"',1991,56,12,46,5),
 (40,'2018-03-13 19:32:42.673275421+01:00','2018-03-13 19:32:42.673275421+01:00',NULL,'Freu'' dich und die Welt ist dein','Original Noten der Egerländer Musikanten',0,57,58,7,4),
 (41,'2018-03-13 19:35:10.833047325+01:00','2018-03-13 19:35:10.833047325+01:00',NULL,'Freunde für''s Leben','Original Noten der Egerländer Musikanten',0,61,58,7,4),
 (42,'2018-03-13 19:36:37.979369243+01:00','2018-03-13 19:36:37.979369243+01:00',NULL,'Fuchsgraben','Original Noten der Egerländer Musikanten',0,63,0,9,2);
CREATE TABLE "gruppe" ("id" integer primary key autoincrement,"created_at" datetime,"updated_at" datetime,"deleted_at" datetime,"name" varchar(255) );
INSERT INTO `gruppe` (id,created_at,updated_at,deleted_at,name) VALUES (1,'2018-03-12 23:19:31.811130284+01:00','2018-03-12 23:19:31.811130284+01:00',NULL,'Komponist'),
 (2,'2018-03-12 23:20:05.66495941+01:00','2018-03-12 23:20:05.66495941+01:00',NULL,'Musikverein Döngesmühle'),
 (3,'2018-03-12 23:23:01.358944013+01:00','2018-03-12 23:23:01.358944013+01:00',NULL,'Musikverein Döngesmühle (passiv)');
CREATE INDEX idx_verlag_deleted_at ON "verlag"(deleted_at) ;
CREATE INDEX idx_person_deleted_at ON "person"(deleted_at) ;
CREATE INDEX idx_lied_deleted_at ON "lied"(deleted_at) ;
CREATE INDEX idx_gruppe_deleted_at ON "gruppe"(deleted_at) ;
COMMIT;
